variable,count,mean,std,min,25%,50%,75%,max,original
dummy1,1000.0,0.00011091222218574464,0.010976317917976337,-0.0346987795856321,-0.006970091119901725,0.0005838343827741499,0.0073206440441282005,0.0365207883118277,-0.0147611013511976
dummy2,1000.0,-0.00022945691743219947,0.009499480423011792,-0.0288150205692332,-0.00668419142906445,-0.0001385981144572,0.00605500177869125,0.0291772246755428,-0.0035842370278289
x1,1000.0,0.1421063382433865,3.025114042911975,-9.44685354263984,-1.8471502326941225,0.049755054245713345,2.191537566543304,28.20351564135353,28.20351564135353
x2,1000.0,0.24572249476507568,8.148737132630053,-19.332648698304915,-5.158685444814423,-0.3795489062418673,5.184173717955078,75.05029000565163,75.05029000565163
x3,1000.0,0.06191887906328614,1.8936594309644683,-5.141952257916472,-1.1889033492822652,0.06113197093471705,1.2594702663191883,17.75189663606352,17.75189663606352
